tick,src_slot,dst_slot,len_bits
0,0,1,256
0,2,3,256
0,4,5,256
0,6,7,256
0,8,9,256
0,10,11,256
0,12,13,256
1,0,1,256
1,2,3,256
1,4,5,256
1,6,7,256
1,8,9,256
1,10,11,256
1,12,13,256
2,0,1,256
2,2,3,256
2,4,5,256
2,6,7,256
2,8,9,256
2,10,11,256
2,12,13,256
3,0,1,256
3,2,3,256
3,4,5,256
3,6,7,256
3,8,9,256
3,10,11,256
3,12,13,256
4,0,1,256
4,2,3,256
4,4,5,256
4,6,7,256
4,8,9,256
4,10,11,256
4,12,13,256
5,0,1,256
5,2,3,256
5,4,5,256
5,6,7,256
5,8,9,256
5,10,11,256
5,12,13,256
6,0,1,256
6,2,3,256
6,4,5,256
6,6,7,256
6,8,9,256
6,10,11,256
6,12,13,256
7,0,1,256
7,2,3,256
7,4,5,256
7,6,7,256
7,8,9,256
7,10,11,256
7,12,13,256
8,0,1,256
8,2,3,256
8,4,5,256
8,6,7,256
8,8,9,256
8,10,11,256
8,12,13,256
9,0,1,256
9,2,3,256
9,4,5,256
9,6,7,256
9,8,9,256
9,10,11,256
9,12,13,256
10,0,1,256
10,2,3,256
10,4,5,256
10,6,7,256
10,8,9,256
10,10,11,256
10,12,13,256
11,0,1,256
11,2,3,256
11,4,5,256
11,6,7,256
11,8,9,256
11,10,11,256
11,12,13,256
12,0,1,256
12,2,3,256
12,4,5,256
12,6,7,256
12,8,9,256
12,10,11,256
12,12,13,256
13,0,1,256
13,2,3,256
13,4,5,256
13,6,7,256
13,8,9,256
13,10,11,256
13,12,13,256
14,0,1,256
14,2,3,256
14,4,5,256
14,6,7,256
14,8,9,256
14,10,11,256
14,12,13,256
15,0,1,256
15,2,3,256
15,4,5,256
15,6,7,256
15,8,9,256
15,10,11,256
15,12,13,256
16,0,1,256
16,2,3,256
16,4,5,256
16,6,7,256
16,8,9,256
16,10,11,256
16,12,13,256
17,0,1,256
17,2,3,256
17,4,5,256
17,6,7,256
17,8,9,256
17,10,11,256
17,12,13,256
18,0,1,256
18,2,3,256
18,4,5,256
18,6,7,256
18,8,9,256
18,10,11,256
18,12,13,256
19,0,1,256
19,2,3,256
19,4,5,256
19,6,7,256
19,8,9,256
19,10,11,256
19,12,13,256
20,0,1,256
20,2,3,256
20,4,5,256
20,6,7,256
20,8,9,256
20,10,11,256
20,12,13,256
21,0,1,256
21,2,3,256
21,4,5,256
21,6,7,256
21,8,9,256
21,10,11,256
21,12,13,256
22,0,1,256
22,2,3,256
22,4,5,256
22,6,7,256
22,8,9,256
22,10,11,256
22,12,13,256
23,0,1,256
23,2,3,256
23,4,5,256
23,6,7,256
23,8,9,256
23,10,11,256
23,12,13,256
24,0,1,256
24,2,3,256
24,4,5,256
24,6,7,256
24,8,9,256
24,10,11,256
24,12,13,256
25,0,1,256
25,2,3,256
25,4,5,256
25,6,7,256
25,8,9,256
25,10,11,256
25,12,13,256
26,0,1,256
26,2,3,256
26,4,5,256
26,6,7,256
26,8,9,256
26,10,11,256
26,12,13,256
27,0,1,256
27,2,3,256
27,4,5,256
27,6,7,256
27,8,9,256
27,10,11,256
27,12,13,256
28,0,1,256
28,2,3,256
28,4,5,256
28,6,7,256
28,8,9,256
28,10,11,256
28,12,13,256
29,0,1,256
29,2,3,256
29,4,5,256
29,6,7,256
29,8,9,256
29,10,11,256
29,12,13,256
30,0,1,256
30,2,3,256
30,4,5,256
30,6,7,256
30,8,9,256
30,10,11,256
30,12,13,256
31,0,1,256
31,2,3,256
31,4,5,256
31,6,7,256
31,8,9,256
31,10,11,256
31,12,13,256
32,0,1,256
32,2,3,256
32,4,5,256
32,6,7,256
32,8,9,256
32,10,11,256
32,12,13,256
33,0,1,256
33,2,3,256
33,4,5,256
33,6,7,256
33,8,9,256
33,10,11,256
33,12,13,256
34,0,1,256
34,2,3,256
34,4,5,256
34,6,7,256
34,8,9,256
34,10,11,256
34,12,13,256
35,0,1,256
35,2,3,256
35,4,5,256
35,6,7,256
35,8,9,256
35,10,11,256
35,12,13,256
36,0,1,256
36,2,3,256
36,4,5,256
36,6,7,256
36,8,9,256
36,10,11,256
36,12,13,256
37,0,1,256
37,2,3,256
37,4,5,256
37,6,7,256
37,8,9,256
37,10,11,256
37,12,13,256
38,0,1,256
38,2,3,256
38,4,5,256
38,6,7,256
38,8,9,256
38,10,11,256
38,12,13,256
39,0,1,256
39,2,3,256
39,4,5,256
39,6,7,256
39,8,9,256
39,10,11,256
39,12,13,256
40,0,1,256
40,2,3,256
40,4,5,256
40,6,7,256
40,8,9,256
40,10,11,256
40,12,13,256
41,0,1,256
41,2,3,256
41,4,5,256
41,6,7,256
41,8,9,256
41,10,11,256
41,12,13,256
42,0,1,256
42,2,3,256
42,4,5,256
42,6,7,256
42,8,9,256
42,10,11,256
42,12,13,256
43,0,1,256
43,2,3,256
43,4,5,256
43,6,7,256
43,8,9,256
43,10,11,256
43,12,13,256
44,0,1,256
44,2,3,256
44,4,5,256
44,6,7,256
44,8,9,256
44,10,11,256
44,12,13,256
45,0,1,256
45,2,3,256
45,4,5,256
45,6,7,256
45,8,9,256
45,10,11,256
45,12,13,256
46,0,1,256
46,2,3,256
46,4,5,256
46,6,7,256
46,8,9,256
46,10,11,256
46,12,13,256
47,0,1,256
47,2,3,256
47,4,5,256
47,6,7,256
47,8,9,256
47,10,11,256
47,12,13,256
48,0,1,256
48,2,3,256
48,4,5,256
48,6,7,256
48,8,9,256
48,10,11,256
48,12,13,256
49,0,1,256
49,2,3,256
49,4,5,256
49,6,7,256
49,8,9,256
49,10,11,256
49,12,13,256
50,0,1,256
50,2,3,256
50,4,5,256
50,6,7,256
50,8,9,256
50,10,11,256
50,12,13,256
51,0,1,256
51,2,3,256
51,4,5,256
51,6,7,256
51,8,9,256
51,10,11,256
51,12,13,256
52,0,1,256
52,2,3,256
52,4,5,256
52,6,7,256
52,8,9,256
52,10,11,256
52,12,13,256
53,0,1,256
53,2,3,256
53,4,5,256
53,6,7,256
53,8,9,256
53,10,11,256
53,12,13,256
54,0,1,256
54,2,3,256
54,4,5,256
54,6,7,256
54,8,9,256
54,10,11,256
54,12,13,256
55,0,1,256
55,2,3,256
55,4,5,256
55,6,7,256
55,8,9,256
55,10,11,256
55,12,13,256
56,0,1,256
56,2,3,256
56,4,5,256
56,6,7,256
56,8,9,256
56,10,11,256
56,12,13,256
57,0,1,256
57,2,3,256
57,4,5,256
57,6,7,256
57,8,9,256
57,10,11,256
57,12,13,256
58,0,1,256
58,2,3,256
58,4,5,256
58,6,7,256
58,8,9,256
58,10,11,256
58,12,13,256
59,0,1,256
59,2,3,256
59,4,5,256
59,6,7,256
59,8,9,256
59,10,11,256
59,12,13,256
60,0,1,256
60,2,3,256
60,4,5,256
60,6,7,256
60,8,9,256
60,10,11,256
60,12,13,256
61,0,1,256
61,2,3,256
61,4,5,256
61,6,7,256
61,8,9,256
61,10,11,256
61,12,13,256
62,0,1,256
62,2,3,256
62,4,5,256
62,6,7,256
62,8,9,256
62,10,11,256
62,12,13,256
63,0,1,256
63,2,3,256
63,4,5,256
63,6,7,256
63,8,9,256
63,10,11,256
63,12,13,256
64,0,1,256
64,2,3,256
64,4,5,256
64,6,7,256
64,8,9,256
64,10,11,256
64,12,13,256
65,0,1,256
65,2,3,256
65,4,5,256
65,6,7,256
65,8,9,256
65,10,11,256
65,12,13,256
66,0,1,256
66,2,3,256
66,4,5,256
66,6,7,256
66,8,9,256
66,10,11,256
66,12,13,256
67,0,1,256
67,2,3,256
67,4,5,256
67,6,7,256
67,8,9,256
67,10,11,256
67,12,13,256
68,0,1,256
68,2,3,256
68,4,5,256
68,6,7,256
68,8,9,256
68,10,11,256
68,12,13,256
69,0,1,256
69,2,3,256
69,4,5,256
69,6,7,256
69,8,9,256
69,10,11,256
69,12,13,256
70,0,1,256
70,2,3,256
70,4,5,256
70,6,7,256
70,8,9,256
70,10,11,256
70,12,13,256
71,0,1,256
71,2,3,256
71,4,5,256
71,6,7,256
71,8,9,256
71,10,11,256
71,12,13,256
72,0,1,256
72,2,3,256
72,4,5,256
72,6,7,256
72,8,9,256
72,10,11,256
72,12,13,256
73,0,1,256
73,2,3,256
73,4,5,256
73,6,7,256
73,8,9,256
73,10,11,256
73,12,13,256
74,0,1,256
74,2,3,256
74,4,5,256
74,6,7,256
74,8,9,256
74,10,11,256
74,12,13,256
75,0,1,256
75,2,3,256
75,4,5,256
75,6,7,256
75,8,9,256
75,10,11,256
75,12,13,256
76,0,1,256
76,2,3,256
76,4,5,256
76,6,7,256
76,8,9,256
76,10,11,256
76,12,13,256
77,0,1,256
77,2,3,256
77,4,5,256
77,6,7,256
77,8,9,256
77,10,11,256
77,12,13,256
78,0,1,256
78,2,3,256
78,4,5,256
78,6,7,256
78,8,9,256
78,10,11,256
78,12,13,256
79,0,1,256
79,2,3,256
79,4,5,256
79,6,7,256
79,8,9,256
79,10,11,256
79,12,13,256
80,0,1,256
80,2,3,256
80,4,5,256
80,6,7,256
80,8,9,256
80,10,11,256
80,12,13,256
81,0,1,256
81,2,3,256
81,4,5,256
81,6,7,256
81,8,9,256
81,10,11,256
81,12,13,256
82,0,1,256
82,2,3,256
82,4,5,256
82,6,7,256
82,8,9,256
82,10,11,256
82,12,13,256
83,0,1,256
83,2,3,256
83,4,5,256
83,6,7,256
83,8,9,256
83,10,11,256
83,12,13,256
84,0,1,256
84,2,3,256
84,4,5,256
84,6,7,256
84,8,9,256
84,10,11,256
84,12,13,256
85,0,1,256
85,2,3,256
85,4,5,256
85,6,7,256
85,8,9,256
85,10,11,256
85,12,13,256
86,0,1,256
86,2,3,256
86,4,5,256
86,6,7,256
86,8,9,256
86,10,11,256
86,12,13,256
87,0,1,256
87,2,3,256
87,4,5,256
87,6,7,256
87,8,9,256
87,10,11,256
87,12,13,256
88,0,1,256
88,2,3,256
88,4,5,256
88,6,7,256
88,8,9,256
88,10,11,256
88,12,13,256
89,0,1,256
89,2,3,256
89,4,5,256
89,6,7,256
89,8,9,256
89,10,11,256
89,12,13,256
90,0,1,256
90,2,3,256
90,4,5,256
90,6,7,256
90,8,9,256
90,10,11,256
90,12,13,256
91,0,1,256
91,2,3,256
91,4,5,256
91,6,7,256
91,8,9,256
91,10,11,256
91,12,13,256
92,0,1,256
92,2,3,256
92,4,5,256
92,6,7,256
92,8,9,256
92,10,11,256
92,12,13,256
93,0,1,256
93,2,3,256
93,4,5,256
93,6,7,256
93,8,9,256
93,10,11,256
93,12,13,256
94,0,1,256
94,2,3,256
94,4,5,256
94,6,7,256
94,8,9,256
94,10,11,256
94,12,13,256
95,0,1,256
95,2,3,256
95,4,5,256
95,6,7,256
95,8,9,256
95,10,11,256
95,12,13,256
96,0,1,256
96,2,3,256
96,4,5,256
96,6,7,256
96,8,9,256
96,10,11,256
96,12,13,256
97,0,1,256
97,2,3,256
97,4,5,256
97,6,7,256
97,8,9,256
97,10,11,256
97,12,13,256
98,0,1,256
98,2,3,256
98,4,5,256
98,6,7,256
98,8,9,256
98,10,11,256
98,12,13,256
99,0,1,256
99,2,3,256
99,4,5,256
99,6,7,256
99,8,9,256
99,10,11,256
99,12,13,256
100,0,1,256
100,2,3,256
100,4,5,256
100,6,7,256
100,8,9,256
100,10,11,256
100,12,13,256
101,0,1,256
101,2,3,256
101,4,5,256
101,6,7,256
101,8,9,256
101,10,11,256
101,12,13,256
102,0,1,256
102,2,3,256
102,4,5,256
102,6,7,256
102,8,9,256
102,10,11,256
102,12,13,256
103,0,1,256
103,2,3,256
103,4,5,256
103,6,7,256
103,8,9,256
103,10,11,256
103,12,13,256
104,0,1,256
104,2,3,256
104,4,5,256
104,6,7,256
104,8,9,256
104,10,11,256
104,12,13,256
105,0,1,256
105,2,3,256
105,4,5,256
105,6,7,256
105,8,9,256
105,10,11,256
105,12,13,256
106,0,1,256
106,2,3,256
106,4,5,256
106,6,7,256
106,8,9,256
106,10,11,256
106,12,13,256
107,0,1,256
107,2,3,256
107,4,5,256
107,6,7,256
107,8,9,256
107,10,11,256
107,12,13,256
108,0,1,256
108,2,3,256
108,4,5,256
108,6,7,256
108,8,9,256
108,10,11,256
108,12,13,256
109,0,1,256
109,2,3,256
109,4,5,256
109,6,7,256
109,8,9,256
109,10,11,256
109,12,13,256
110,0,1,256
110,2,3,256
110,4,5,256
110,6,7,256
110,8,9,256
110,10,11,256
110,12,13,256
111,0,1,256
111,2,3,256
111,4,5,256
111,6,7,256
111,8,9,256
111,10,11,256
111,12,13,256
112,0,1,256
112,2,3,256
112,4,5,256
112,6,7,256
112,8,9,256
112,10,11,256
112,12,13,256
113,0,1,256
113,2,3,256
113,4,5,256
113,6,7,256
113,8,9,256
113,10,11,256
113,12,13,256
114,0,1,256
114,2,3,256
114,4,5,256
114,6,7,256
114,8,9,256
114,10,11,256
114,12,13,256
115,0,1,256
115,2,3,256
115,4,5,256
115,6,7,256
115,8,9,256
115,10,11,256
115,12,13,256
116,0,1,256
116,2,3,256
116,4,5,256
116,6,7,256
116,8,9,256
116,10,11,256
116,12,13,256
117,0,1,256
117,2,3,256
117,4,5,256
117,6,7,256
117,8,9,256
117,10,11,256
117,12,13,256
118,0,1,256
118,2,3,256
118,4,5,256
118,6,7,256
118,8,9,256
118,10,11,256
118,12,13,256
119,0,1,256
119,2,3,256
119,4,5,256
119,6,7,256
119,8,9,256
119,10,11,256
119,12,13,256
120,0,1,256
120,2,3,256
120,4,5,256
120,6,7,256
120,8,9,256
120,10,11,256
120,12,13,256
121,0,1,256
121,2,3,256
121,4,5,256
121,6,7,256
121,8,9,256
121,10,11,256
121,12,13,256
122,0,1,256
122,2,3,256
122,4,5,256
122,6,7,256
122,8,9,256
122,10,11,256
122,12,13,256
123,0,1,256
123,2,3,256
123,4,5,256
123,6,7,256
123,8,9,256
123,10,11,256
123,12,13,256
124,0,1,256
124,2,3,256
124,4,5,256
124,6,7,256
124,8,9,256
124,10,11,256
124,12,13,256
125,0,1,256
125,2,3,256
125,4,5,256
125,6,7,256
125,8,9,256
125,10,11,256
125,12,13,256
126,0,1,256
126,2,3,256
126,4,5,256
126,6,7,256
126,8,9,256
126,10,11,256
126,12,13,256
127,0,1,256
127,2,3,256
127,4,5,256
127,6,7,256
127,8,9,256
127,10,11,256
127,12,13,256
128,0,1,256
128,2,3,256
128,4,5,256
128,6,7,256
128,8,9,256
128,10,11,256
128,12,13,256
129,0,1,256
129,2,3,256
129,4,5,256
129,6,7,256
129,8,9,256
129,10,11,256
129,12,13,256
130,0,1,256
130,2,3,256
130,4,5,256
130,6,7,256
130,8,9,256
130,10,11,256
130,12,13,256
131,0,1,256
131,2,3,256
131,4,5,256
131,6,7,256
131,8,9,256
131,10,11,256
131,12,13,256
132,0,1,256
132,2,3,256
132,4,5,256
132,6,7,256
132,8,9,256
132,10,11,256
132,12,13,256
133,0,1,256
133,2,3,256
133,4,5,256
133,6,7,256
133,8,9,256
133,10,11,256
133,12,13,256
134,0,1,256
134,2,3,256
134,4,5,256
134,6,7,256
134,8,9,256
134,10,11,256
134,12,13,256
135,0,1,256
135,2,3,256
135,4,5,256
135,6,7,256
135,8,9,256
135,10,11,256
135,12,13,256
136,0,1,256
136,2,3,256
136,4,5,256
136,6,7,256
136,8,9,256
136,10,11,256
136,12,13,256
137,0,1,256
137,2,3,256
137,4,5,256
137,6,7,256
137,8,9,256
137,10,11,256
137,12,13,256
138,0,1,256
138,2,3,256
138,4,5,256
138,6,7,256
138,8,9,256
138,10,11,256
138,12,13,256
139,0,1,256
139,2,3,256
139,4,5,256
139,6,7,256
139,8,9,256
139,10,11,256
139,12,13,256
140,0,1,256
140,2,3,256
140,4,5,256
140,6,7,256
140,8,9,256
140,10,11,256
140,12,13,256
141,0,1,256
141,2,3,256
141,4,5,256
141,6,7,256
141,8,9,256
141,10,11,256
141,12,13,256
142,0,1,256
142,2,3,256
142,4,5,256
142,6,7,256
142,8,9,256
142,10,11,256
142,12,13,256
143,0,1,256
143,2,3,256
143,4,5,256
143,6,7,256
143,8,9,256
143,10,11,256
143,12,13,256
144,0,1,256
144,2,3,256
144,4,5,256
144,6,7,256
144,8,9,256
144,10,11,256
144,12,13,256
145,0,1,256
145,2,3,256
145,4,5,256
145,6,7,256
145,8,9,256
145,10,11,256
145,12,13,256
146,0,1,256
146,2,3,256
146,4,5,256
146,6,7,256
146,8,9,256
146,10,11,256
146,12,13,256
147,0,1,256
147,2,3,256
147,4,5,256
147,6,7,256
147,8,9,256
147,10,11,256
147,12,13,256
148,0,1,256
148,2,3,256
148,4,5,256
148,6,7,256
148,8,9,256
148,10,11,256
148,12,13,256
149,0,1,256
149,2,3,256
149,4,5,256
149,6,7,256
149,8,9,256
149,10,11,256
149,12,13,256
150,0,1,256
150,2,3,256
150,4,5,256
150,6,7,256
150,8,9,256
150,10,11,256
150,12,13,256
151,0,1,256
151,2,3,256
151,4,5,256
151,6,7,256
151,8,9,256
151,10,11,256
151,12,13,256
152,0,1,256
152,2,3,256
152,4,5,256
152,6,7,256
152,8,9,256
152,10,11,256
152,12,13,256
153,0,1,256
153,2,3,256
153,4,5,256
153,6,7,256
153,8,9,256
153,10,11,256
153,12,13,256
154,0,1,256
154,2,3,256
154,4,5,256
154,6,7,256
154,8,9,256
154,10,11,256
154,12,13,256
155,0,1,256
155,2,3,256
155,4,5,256
155,6,7,256
155,8,9,256
155,10,11,256
155,12,13,256
156,0,1,256
156,2,3,256
156,4,5,256
156,6,7,256
156,8,9,256
156,10,11,256
156,12,13,256
157,0,1,256
157,2,3,256
157,4,5,256
157,6,7,256
157,8,9,256
157,10,11,256
157,12,13,256
158,0,1,256
158,2,3,256
158,4,5,256
158,6,7,256
158,8,9,256
158,10,11,256
158,12,13,256
159,0,1,256
159,2,3,256
159,4,5,256
159,6,7,256
159,8,9,256
159,10,11,256
159,12,13,256
160,0,1,256
160,2,3,256
160,4,5,256
160,6,7,256
160,8,9,256
160,10,11,256
160,12,13,256
161,0,1,256
161,2,3,256
161,4,5,256
161,6,7,256
161,8,9,256
161,10,11,256
161,12,13,256
162,0,1,256
162,2,3,256
162,4,5,256
162,6,7,256
162,8,9,256
162,10,11,256
162,12,13,256
163,0,1,256
163,2,3,256
163,4,5,256
163,6,7,256
163,8,9,256
163,10,11,256
163,12,13,256
164,0,1,256
164,2,3,256
164,4,5,256
164,6,7,256
164,8,9,256
164,10,11,256
164,12,13,256
165,0,1,256
165,2,3,256
165,4,5,256
165,6,7,256
165,8,9,256
165,10,11,256
165,12,13,256
166,0,1,256
166,2,3,256
166,4,5,256
166,6,7,256
166,8,9,256
166,10,11,256
166,12,13,256
167,0,1,256
167,2,3,256
167,4,5,256
167,6,7,256
167,8,9,256
167,10,11,256
167,12,13,256
168,0,1,256
168,2,3,256
168,4,5,256
168,6,7,256
168,8,9,256
168,10,11,256
168,12,13,256
169,0,1,256
169,2,3,256
169,4,5,256
169,6,7,256
169,8,9,256
169,10,11,256
169,12,13,256
170,0,1,256
170,2,3,256
170,4,5,256
170,6,7,256
170,8,9,256
170,10,11,256
170,12,13,256
171,0,1,256
171,2,3,256
171,4,5,256
171,6,7,256
171,8,9,256
171,10,11,256
171,12,13,256
172,0,1,256
172,2,3,256
172,4,5,256
172,6,7,256
172,8,9,256
172,10,11,256
172,12,13,256
173,0,1,256
173,2,3,256
173,4,5,256
173,6,7,256
173,8,9,256
173,10,11,256
173,12,13,256
174,0,1,256
174,2,3,256
174,4,5,256
174,6,7,256
174,8,9,256
174,10,11,256
174,12,13,256
175,0,1,256
175,2,3,256
175,4,5,256
175,6,7,256
175,8,9,256
175,10,11,256
175,12,13,256
176,0,1,256
176,2,3,256
176,4,5,256
176,6,7,256
176,8,9,256
176,10,11,256
176,12,13,256
177,0,1,256
177,2,3,256
177,4,5,256
177,6,7,256
177,8,9,256
177,10,11,256
177,12,13,256
178,0,1,256
178,2,3,256
178,4,5,256
178,6,7,256
178,8,9,256
178,10,11,256
178,12,13,256
179,0,1,256
179,2,3,256
179,4,5,256
179,6,7,256
179,8,9,256
179,10,11,256
179,12,13,256
180,0,1,256
180,2,3,256
180,4,5,256
180,6,7,256
180,8,9,256
180,10,11,256
180,12,13,256
181,0,1,256
181,2,3,256
181,4,5,256
181,6,7,256
181,8,9,256
181,10,11,256
181,12,13,256
182,0,1,256
182,2,3,256
182,4,5,256
182,6,7,256
182,8,9,256
182,10,11,256
182,12,13,256
183,0,1,256
183,2,3,256
183,4,5,256
183,6,7,256
183,8,9,256
183,10,11,256
183,12,13,256
184,0,1,256
184,2,3,256
184,4,5,256
184,6,7,256
184,8,9,256
184,10,11,256
184,12,13,256
185,0,1,256
185,2,3,256
185,4,5,256
185,6,7,256
185,8,9,256
185,10,11,256
185,12,13,256
186,0,1,256
186,2,3,256
186,4,5,256
186,6,7,256
186,8,9,256
186,10,11,256
186,12,13,256
187,0,1,256
187,2,3,256
187,4,5,256
187,6,7,256
187,8,9,256
187,10,11,256
187,12,13,256
188,0,1,256
188,2,3,256
188,4,5,256
188,6,7,256
188,8,9,256
188,10,11,256
188,12,13,256
189,0,1,256
189,2,3,256
189,4,5,256
189,6,7,256
189,8,9,256
189,10,11,256
189,12,13,256
190,0,1,256
190,2,3,256
190,4,5,256
190,6,7,256
190,8,9,256
190,10,11,256
190,12,13,256
191,0,1,256
191,2,3,256
191,4,5,256
191,6,7,256
191,8,9,256
191,10,11,256
191,12,13,256
192,0,1,256
192,2,3,256
192,4,5,256
192,6,7,256
192,8,9,256
192,10,11,256
192,12,13,256
193,0,1,256
193,2,3,256
193,4,5,256
193,6,7,256
193,8,9,256
193,10,11,256
193,12,13,256
194,0,1,256
194,2,3,256
194,4,5,256
194,6,7,256
194,8,9,256
194,10,11,256
194,12,13,256
195,0,1,256
195,2,3,256
195,4,5,256
195,6,7,256
195,8,9,256
195,10,11,256
195,12,13,256
196,0,1,256
196,2,3,256
196,4,5,256
196,6,7,256
196,8,9,256
196,10,11,256
196,12,13,256
197,0,1,256
197,2,3,256
197,4,5,256
197,6,7,256
197,8,9,256
197,10,11,256
197,12,13,256
198,0,1,256
198,2,3,256
198,4,5,256
198,6,7,256
198,8,9,256
198,10,11,256
198,12,13,256
199,0,1,256
199,2,3,256
199,4,5,256
199,6,7,256
199,8,9,256
199,10,11,256
199,12,13,256
200,0,1,256
200,2,3,256
200,4,5,256
200,6,7,256
200,8,9,256
200,10,11,256
200,12,13,256
201,0,1,256
201,2,3,256
201,4,5,256
201,6,7,256
201,8,9,256
201,10,11,256
201,12,13,256
202,0,1,256
202,2,3,256
202,4,5,256
202,6,7,256
202,8,9,256
202,10,11,256
202,12,13,256
203,0,1,256
203,2,3,256
203,4,5,256
203,6,7,256
203,8,9,256
203,10,11,256
203,12,13,256
204,0,1,256
204,2,3,256
204,4,5,256
204,6,7,256
204,8,9,256
204,10,11,256
204,12,13,256
205,0,1,256
205,2,3,256
205,4,5,256
205,6,7,256
205,8,9,256
205,10,11,256
205,12,13,256
206,0,1,256
206,2,3,256
206,4,5,256
206,6,7,256
206,8,9,256
206,10,11,256
206,12,13,256
207,0,1,256
207,2,3,256
207,4,5,256
207,6,7,256
207,8,9,256
207,10,11,256
207,12,13,256
208,0,1,256
208,2,3,256
208,4,5,256
208,6,7,256
208,8,9,256
208,10,11,256
208,12,13,256
209,0,1,256
209,2,3,256
209,4,5,256
209,6,7,256
209,8,9,256
209,10,11,256
209,12,13,256
210,0,1,256
210,2,3,256
210,4,5,256
210,6,7,256
210,8,9,256
210,10,11,256
210,12,13,256
211,0,1,256
211,2,3,256
211,4,5,256
211,6,7,256
211,8,9,256
211,10,11,256
211,12,13,256
212,0,1,256
212,2,3,256
212,4,5,256
212,6,7,256
212,8,9,256
212,10,11,256
212,12,13,256
213,0,1,256
213,2,3,256
213,4,5,256
213,6,7,256
213,8,9,256
213,10,11,256
213,12,13,256
214,0,1,256
214,2,3,256
214,4,5,256
214,6,7,256
214,8,9,256
214,10,11,256
214,12,13,256
215,0,1,256
215,2,3,256
215,4,5,256
215,6,7,256
215,8,9,256
215,10,11,256
215,12,13,256
216,0,1,256
216,2,3,256
216,4,5,256
216,6,7,256
216,8,9,256
216,10,11,256
216,12,13,256
217,0,1,256
217,2,3,256
217,4,5,256
217,6,7,256
217,8,9,256
217,10,11,256
217,12,13,256
218,0,1,256
218,2,3,256
218,4,5,256
218,6,7,256
218,8,9,256
218,10,11,256
218,12,13,256
219,0,1,256
219,2,3,256
219,4,5,256
219,6,7,256
219,8,9,256
219,10,11,256
219,12,13,256
220,0,1,256
220,2,3,256
220,4,5,256
220,6,7,256
220,8,9,256
220,10,11,256
220,12,13,256
221,0,1,256
221,2,3,256
221,4,5,256
221,6,7,256
221,8,9,256
221,10,11,256
221,12,13,256
222,0,1,256
222,2,3,256
222,4,5,256
222,6,7,256
222,8,9,256
222,10,11,256
222,12,13,256
223,0,1,256
223,2,3,256
223,4,5,256
223,6,7,256
223,8,9,256
223,10,11,256
223,12,13,256
224,0,1,256
224,2,3,256
224,4,5,256
224,6,7,256
224,8,9,256
224,10,11,256
224,12,13,256
225,0,1,256
225,2,3,256
225,4,5,256
225,6,7,256
225,8,9,256
225,10,11,256
225,12,13,256
226,0,1,256
226,2,3,256
226,4,5,256
226,6,7,256
226,8,9,256
226,10,11,256
226,12,13,256
227,0,1,256
227,2,3,256
227,4,5,256
227,6,7,256
227,8,9,256
227,10,11,256
227,12,13,256
228,0,1,256
228,2,3,256
228,4,5,256
228,6,7,256
228,8,9,256
228,10,11,256
228,12,13,256
229,0,1,256
229,2,3,256
229,4,5,256
229,6,7,256
229,8,9,256
229,10,11,256
229,12,13,256
230,0,1,256
230,2,3,256
230,4,5,256
230,6,7,256
230,8,9,256
230,10,11,256
230,12,13,256
231,0,1,256
231,2,3,256
231,4,5,256
231,6,7,256
231,8,9,256
231,10,11,256
231,12,13,256
232,0,1,256
232,2,3,256
232,4,5,256
232,6,7,256
232,8,9,256
232,10,11,256
232,12,13,256
233,0,1,256
233,2,3,256
233,4,5,256
233,6,7,256
233,8,9,256
233,10,11,256
233,12,13,256
234,0,1,256
234,2,3,256
234,4,5,256
234,6,7,256
234,8,9,256
234,10,11,256
234,12,13,256
235,0,1,256
235,2,3,256
235,4,5,256
235,6,7,256
235,8,9,256
235,10,11,256
235,12,13,256
236,0,1,256
236,2,3,256
236,4,5,256
236,6,7,256
236,8,9,256
236,10,11,256
236,12,13,256
237,0,1,256
237,2,3,256
237,4,5,256
237,6,7,256
237,8,9,256
237,10,11,256
237,12,13,256
238,0,1,256
238,2,3,256
238,4,5,256
238,6,7,256
238,8,9,256
238,10,11,256
238,12,13,256
239,0,1,256
239,2,3,256
239,4,5,256
239,6,7,256
239,8,9,256
239,10,11,256
239,12,13,256
240,0,1,256
240,2,3,256
240,4,5,256
240,6,7,256
240,8,9,256
240,10,11,256
240,12,13,256
241,0,1,256
241,2,3,256
241,4,5,256
241,6,7,256
241,8,9,256
241,10,11,256
241,12,13,256
242,0,1,256
242,2,3,256
242,4,5,256
242,6,7,256
242,8,9,256
242,10,11,256
242,12,13,256
243,0,1,256
243,2,3,256
243,4,5,256
243,6,7,256
243,8,9,256
243,10,11,256
243,12,13,256
244,0,1,256
244,2,3,256
244,4,5,256
244,6,7,256
244,8,9,256
244,10,11,256
244,12,13,256
245,0,1,256
245,2,3,256
245,4,5,256
245,6,7,256
245,8,9,256
245,10,11,256
245,12,13,256
246,0,1,256
246,2,3,256
246,4,5,256
246,6,7,256
246,8,9,256
246,10,11,256
246,12,13,256
247,0,1,256
247,2,3,256
247,4,5,256
247,6,7,256
247,8,9,256
247,10,11,256
247,12,13,256
248,0,1,256
248,2,3,256
248,4,5,256
248,6,7,256
248,8,9,256
248,10,11,256
248,12,13,256
249,0,1,256
249,2,3,256
249,4,5,256
249,6,7,256
249,8,9,256
249,10,11,256
249,12,13,256
250,0,1,256
250,2,3,256
250,4,5,256
250,6,7,256
250,8,9,256
250,10,11,256
250,12,13,256
251,0,1,256
251,2,3,256
251,4,5,256
251,6,7,256
251,8,9,256
251,10,11,256
251,12,13,256
252,0,1,256
252,2,3,256
252,4,5,256
252,6,7,256
252,8,9,256
252,10,11,256
252,12,13,256
253,0,1,256
253,2,3,256
253,4,5,256
253,6,7,256
253,8,9,256
253,10,11,256
253,12,13,256
254,0,1,256
254,2,3,256
254,4,5,256
254,6,7,256
254,8,9,256
254,10,11,256
254,12,13,256
255,0,1,256
255,2,3,256
255,4,5,256
255,6,7,256
255,8,9,256
255,10,11,256
255,12,13,256
256,1,2,256
256,3,4,256
256,5,6,256
256,7,8,256
256,9,10,256
256,11,12,256
256,13,14,256
257,1,2,256
257,3,4,256
257,5,6,256
257,7,8,256
257,9,10,256
257,11,12,256
257,13,14,256
258,1,2,256
258,3,4,256
258,5,6,256
258,7,8,256
258,9,10,256
258,11,12,256
258,13,14,256
259,1,2,256
259,3,4,256
259,5,6,256
259,7,8,256
259,9,10,256
259,11,12,256
259,13,14,256
260,1,2,256
260,3,4,256
260,5,6,256
260,7,8,256
260,9,10,256
260,11,12,256
260,13,14,256
261,1,2,256
261,3,4,256
261,5,6,256
261,7,8,256
261,9,10,256
261,11,12,256
261,13,14,256
262,1,2,256
262,3,4,256
262,5,6,256
262,7,8,256
262,9,10,256
262,11,12,256
262,13,14,256
263,1,2,256
263,3,4,256
263,5,6,256
263,7,8,256
263,9,10,256
263,11,12,256
263,13,14,256
264,1,2,256
264,3,4,256
264,5,6,256
264,7,8,256
264,9,10,256
264,11,12,256
264,13,14,256
265,1,2,256
265,3,4,256
265,5,6,256
265,7,8,256
265,9,10,256
265,11,12,256
265,13,14,256
266,1,2,256
266,3,4,256
266,5,6,256
266,7,8,256
266,9,10,256
266,11,12,256
266,13,14,256
267,1,2,256
267,3,4,256
267,5,6,256
267,7,8,256
267,9,10,256
267,11,12,256
267,13,14,256
268,1,2,256
268,3,4,256
268,5,6,256
268,7,8,256
268,9,10,256
268,11,12,256
268,13,14,256
269,1,2,256
269,3,4,256
269,5,6,256
269,7,8,256
269,9,10,256
269,11,12,256
269,13,14,256
270,1,2,256
270,3,4,256
270,5,6,256
270,7,8,256
270,9,10,256
270,11,12,256
270,13,14,256
271,1,2,256
271,3,4,256
271,5,6,256
271,7,8,256
271,9,10,256
271,11,12,256
271,13,14,256
272,1,2,256
272,3,4,256
272,5,6,256
272,7,8,256
272,9,10,256
272,11,12,256
272,13,14,256
273,1,2,256
273,3,4,256
273,5,6,256
273,7,8,256
273,9,10,256
273,11,12,256
273,13,14,256
274,1,2,256
274,3,4,256
274,5,6,256
274,7,8,256
274,9,10,256
274,11,12,256
274,13,14,256
275,1,2,256
275,3,4,256
275,5,6,256
275,7,8,256
275,9,10,256
275,11,12,256
275,13,14,256
276,1,2,256
276,3,4,256
276,5,6,256
276,7,8,256
276,9,10,256
276,11,12,256
276,13,14,256
277,1,2,256
277,3,4,256
277,5,6,256
277,7,8,256
277,9,10,256
277,11,12,256
277,13,14,256
278,1,2,256
278,3,4,256
278,5,6,256
278,7,8,256
278,9,10,256
278,11,12,256
278,13,14,256
279,1,2,256
279,3,4,256
279,5,6,256
279,7,8,256
279,9,10,256
279,11,12,256
279,13,14,256
280,1,2,256
280,3,4,256
280,5,6,256
280,7,8,256
280,9,10,256
280,11,12,256
280,13,14,256
281,1,2,256
281,3,4,256
281,5,6,256
281,7,8,256
281,9,10,256
281,11,12,256
281,13,14,256
282,1,2,256
282,3,4,256
282,5,6,256
282,7,8,256
282,9,10,256
282,11,12,256
282,13,14,256
283,1,2,256
283,3,4,256
283,5,6,256
283,7,8,256
283,9,10,256
283,11,12,256
283,13,14,256
284,1,2,256
284,3,4,256
284,5,6,256
284,7,8,256
284,9,10,256
284,11,12,256
284,13,14,256
285,1,2,256
285,3,4,256
285,5,6,256
285,7,8,256
285,9,10,256
285,11,12,256
285,13,14,256
286,1,2,256
286,3,4,256
286,5,6,256
286,7,8,256
286,9,10,256
286,11,12,256
286,13,14,256
287,1,2,256
287,3,4,256
287,5,6,256
287,7,8,256
287,9,10,256
287,11,12,256
287,13,14,256
288,1,2,256
288,3,4,256
288,5,6,256
288,7,8,256
288,9,10,256
288,11,12,256
288,13,14,256
289,1,2,256
289,3,4,256
289,5,6,256
289,7,8,256
289,9,10,256
289,11,12,256
289,13,14,256
290,1,2,256
290,3,4,256
290,5,6,256
290,7,8,256
290,9,10,256
290,11,12,256
290,13,14,256
291,1,2,256
291,3,4,256
291,5,6,256
291,7,8,256
291,9,10,256
291,11,12,256
291,13,14,256
292,1,2,256
292,3,4,256
292,5,6,256
292,7,8,256
292,9,10,256
292,11,12,256
292,13,14,256
293,1,2,256
293,3,4,256
293,5,6,256
293,7,8,256
293,9,10,256
293,11,12,256
293,13,14,256
294,1,2,256
294,3,4,256
294,5,6,256
294,7,8,256
294,9,10,256
294,11,12,256
294,13,14,256
295,1,2,256
295,3,4,256
295,5,6,256
295,7,8,256
295,9,10,256
295,11,12,256
295,13,14,256
296,1,2,256
296,3,4,256
296,5,6,256
296,7,8,256
296,9,10,256
296,11,12,256
296,13,14,256
297,1,2,256
297,3,4,256
297,5,6,256
297,7,8,256
297,9,10,256
297,11,12,256
297,13,14,256
298,1,2,256
298,3,4,256
298,5,6,256
298,7,8,256
298,9,10,256
298,11,12,256
298,13,14,256
299,1,2,256
299,3,4,256
299,5,6,256
299,7,8,256
299,9,10,256
299,11,12,256
299,13,14,256
300,1,2,256
300,3,4,256
300,5,6,256
300,7,8,256
300,9,10,256
300,11,12,256
300,13,14,256
301,1,2,256
301,3,4,256
301,5,6,256
301,7,8,256
301,9,10,256
301,11,12,256
301,13,14,256
302,1,2,256
302,3,4,256
302,5,6,256
302,7,8,256
302,9,10,256
302,11,12,256
302,13,14,256
303,1,2,256
303,3,4,256
303,5,6,256
303,7,8,256
303,9,10,256
303,11,12,256
303,13,14,256
304,1,2,256
304,3,4,256
304,5,6,256
304,7,8,256
304,9,10,256
304,11,12,256
304,13,14,256
305,1,2,256
305,3,4,256
305,5,6,256
305,7,8,256
305,9,10,256
305,11,12,256
305,13,14,256
306,1,2,256
306,3,4,256
306,5,6,256
306,7,8,256
306,9,10,256
306,11,12,256
306,13,14,256
307,1,2,256
307,3,4,256
307,5,6,256
307,7,8,256
307,9,10,256
307,11,12,256
307,13,14,256
308,1,2,256
308,3,4,256
308,5,6,256
308,7,8,256
308,9,10,256
308,11,12,256
308,13,14,256
309,1,2,256
309,3,4,256
309,5,6,256
309,7,8,256
309,9,10,256
309,11,12,256
309,13,14,256
310,1,2,256
310,3,4,256
310,5,6,256
310,7,8,256
310,9,10,256
310,11,12,256
310,13,14,256
311,1,2,256
311,3,4,256
311,5,6,256
311,7,8,256
311,9,10,256
311,11,12,256
311,13,14,256
312,1,2,256
312,3,4,256
312,5,6,256
312,7,8,256
312,9,10,256
312,11,12,256
312,13,14,256
313,1,2,256
313,3,4,256
313,5,6,256
313,7,8,256
313,9,10,256
313,11,12,256
313,13,14,256
314,1,2,256
314,3,4,256
314,5,6,256
314,7,8,256
314,9,10,256
314,11,12,256
314,13,14,256
315,1,2,256
315,3,4,256
315,5,6,256
315,7,8,256
315,9,10,256
315,11,12,256
315,13,14,256
316,1,2,256
316,3,4,256
316,5,6,256
316,7,8,256
316,9,10,256
316,11,12,256
316,13,14,256
317,1,2,256
317,3,4,256
317,5,6,256
317,7,8,256
317,9,10,256
317,11,12,256
317,13,14,256
318,1,2,256
318,3,4,256
318,5,6,256
318,7,8,256
318,9,10,256
318,11,12,256
318,13,14,256
319,1,2,256
319,3,4,256
319,5,6,256
319,7,8,256
319,9,10,256
319,11,12,256
319,13,14,256
320,1,2,256
320,3,4,256
320,5,6,256
320,7,8,256
320,9,10,256
320,11,12,256
320,13,14,256
321,1,2,256
321,3,4,256
321,5,6,256
321,7,8,256
321,9,10,256
321,11,12,256
321,13,14,256
322,1,2,256
322,3,4,256
322,5,6,256
322,7,8,256
322,9,10,256
322,11,12,256
322,13,14,256
323,1,2,256
323,3,4,256
323,5,6,256
323,7,8,256
323,9,10,256
323,11,12,256
323,13,14,256
324,1,2,256
324,3,4,256
324,5,6,256
324,7,8,256
324,9,10,256
324,11,12,256
324,13,14,256
325,1,2,256
325,3,4,256
325,5,6,256
325,7,8,256
325,9,10,256
325,11,12,256
325,13,14,256
326,1,2,256
326,3,4,256
326,5,6,256
326,7,8,256
326,9,10,256
326,11,12,256
326,13,14,256
327,1,2,256
327,3,4,256
327,5,6,256
327,7,8,256
327,9,10,256
327,11,12,256
327,13,14,256
328,1,2,256
328,3,4,256
328,5,6,256
328,7,8,256
328,9,10,256
328,11,12,256
328,13,14,256
329,1,2,256
329,3,4,256
329,5,6,256
329,7,8,256
329,9,10,256
329,11,12,256
329,13,14,256
330,1,2,256
330,3,4,256
330,5,6,256
330,7,8,256
330,9,10,256
330,11,12,256
330,13,14,256
331,1,2,256
331,3,4,256
331,5,6,256
331,7,8,256
331,9,10,256
331,11,12,256
331,13,14,256
332,1,2,256
332,3,4,256
332,5,6,256
332,7,8,256
332,9,10,256
332,11,12,256
332,13,14,256
333,1,2,256
333,3,4,256
333,5,6,256
333,7,8,256
333,9,10,256
333,11,12,256
333,13,14,256
334,1,2,256
334,3,4,256
334,5,6,256
334,7,8,256
334,9,10,256
334,11,12,256
334,13,14,256
335,1,2,256
335,3,4,256
335,5,6,256
335,7,8,256
335,9,10,256
335,11,12,256
335,13,14,256
336,1,2,256
336,3,4,256
336,5,6,256
336,7,8,256
336,9,10,256
336,11,12,256
336,13,14,256
337,1,2,256
337,3,4,256
337,5,6,256
337,7,8,256
337,9,10,256
337,11,12,256
337,13,14,256
338,1,2,256
338,3,4,256
338,5,6,256
338,7,8,256
338,9,10,256
338,11,12,256
338,13,14,256
339,1,2,256
339,3,4,256
339,5,6,256
339,7,8,256
339,9,10,256
339,11,12,256
339,13,14,256
340,1,2,256
340,3,4,256
340,5,6,256
340,7,8,256
340,9,10,256
340,11,12,256
340,13,14,256
341,1,2,256
341,3,4,256
341,5,6,256
341,7,8,256
341,9,10,256
341,11,12,256
341,13,14,256
342,1,2,256
342,3,4,256
342,5,6,256
342,7,8,256
342,9,10,256
342,11,12,256
342,13,14,256
343,1,2,256
343,3,4,256
343,5,6,256
343,7,8,256
343,9,10,256
343,11,12,256
343,13,14,256
344,1,2,256
344,3,4,256
344,5,6,256
344,7,8,256
344,9,10,256
344,11,12,256
344,13,14,256
345,1,2,256
345,3,4,256
345,5,6,256
345,7,8,256
345,9,10,256
345,11,12,256
345,13,14,256
346,1,2,256
346,3,4,256
346,5,6,256
346,7,8,256
346,9,10,256
346,11,12,256
346,13,14,256
347,1,2,256
347,3,4,256
347,5,6,256
347,7,8,256
347,9,10,256
347,11,12,256
347,13,14,256
348,1,2,256
348,3,4,256
348,5,6,256
348,7,8,256
348,9,10,256
348,11,12,256
348,13,14,256
349,1,2,256
349,3,4,256
349,5,6,256
349,7,8,256
349,9,10,256
349,11,12,256
349,13,14,256
350,1,2,256
350,3,4,256
350,5,6,256
350,7,8,256
350,9,10,256
350,11,12,256
350,13,14,256
351,1,2,256
351,3,4,256
351,5,6,256
351,7,8,256
351,9,10,256
351,11,12,256
351,13,14,256
352,1,2,256
352,3,4,256
352,5,6,256
352,7,8,256
352,9,10,256
352,11,12,256
352,13,14,256
353,1,2,256
353,3,4,256
353,5,6,256
353,7,8,256
353,9,10,256
353,11,12,256
353,13,14,256
354,1,2,256
354,3,4,256
354,5,6,256
354,7,8,256
354,9,10,256
354,11,12,256
354,13,14,256
355,1,2,256
355,3,4,256
355,5,6,256
355,7,8,256
355,9,10,256
355,11,12,256
355,13,14,256
356,1,2,256
356,3,4,256
356,5,6,256
356,7,8,256
356,9,10,256
356,11,12,256
356,13,14,256
357,1,2,256
357,3,4,256
357,5,6,256
357,7,8,256
357,9,10,256
357,11,12,256
357,13,14,256
358,1,2,256
358,3,4,256
358,5,6,256
358,7,8,256
358,9,10,256
358,11,12,256
358,13,14,256
359,1,2,256
359,3,4,256
359,5,6,256
359,7,8,256
359,9,10,256
359,11,12,256
359,13,14,256
360,1,2,256
360,3,4,256
360,5,6,256
360,7,8,256
360,9,10,256
360,11,12,256
360,13,14,256
361,1,2,256
361,3,4,256
361,5,6,256
361,7,8,256
361,9,10,256
361,11,12,256
361,13,14,256
362,1,2,256
362,3,4,256
362,5,6,256
362,7,8,256
362,9,10,256
362,11,12,256
362,13,14,256
363,1,2,256
363,3,4,256
363,5,6,256
363,7,8,256
363,9,10,256
363,11,12,256
363,13,14,256
364,1,2,256
364,3,4,256
364,5,6,256
364,7,8,256
364,9,10,256
364,11,12,256
364,13,14,256
365,1,2,256
365,3,4,256
365,5,6,256
365,7,8,256
365,9,10,256
365,11,12,256
365,13,14,256
366,1,2,256
366,3,4,256
366,5,6,256
366,7,8,256
366,9,10,256
366,11,12,256
366,13,14,256
367,1,2,256
367,3,4,256
367,5,6,256
367,7,8,256
367,9,10,256
367,11,12,256
367,13,14,256
368,1,2,256
368,3,4,256
368,5,6,256
368,7,8,256
368,9,10,256
368,11,12,256
368,13,14,256
369,1,2,256
369,3,4,256
369,5,6,256
369,7,8,256
369,9,10,256
369,11,12,256
369,13,14,256
370,1,2,256
370,3,4,256
370,5,6,256
370,7,8,256
370,9,10,256
370,11,12,256
370,13,14,256
371,1,2,256
371,3,4,256
371,5,6,256
371,7,8,256
371,9,10,256
371,11,12,256
371,13,14,256
372,1,2,256
372,3,4,256
372,5,6,256
372,7,8,256
372,9,10,256
372,11,12,256
372,13,14,256
373,1,2,256
373,3,4,256
373,5,6,256
373,7,8,256
373,9,10,256
373,11,12,256
373,13,14,256
374,1,2,256
374,3,4,256
374,5,6,256
374,7,8,256
374,9,10,256
374,11,12,256
374,13,14,256
375,1,2,256
375,3,4,256
375,5,6,256
375,7,8,256
375,9,10,256
375,11,12,256
375,13,14,256
376,1,2,256
376,3,4,256
376,5,6,256
376,7,8,256
376,9,10,256
376,11,12,256
376,13,14,256
377,1,2,256
377,3,4,256
377,5,6,256
377,7,8,256
377,9,10,256
377,11,12,256
377,13,14,256
378,1,2,256
378,3,4,256
378,5,6,256
378,7,8,256
378,9,10,256
378,11,12,256
378,13,14,256
379,1,2,256
379,3,4,256
379,5,6,256
379,7,8,256
379,9,10,256
379,11,12,256
379,13,14,256
380,1,2,256
380,3,4,256
380,5,6,256
380,7,8,256
380,9,10,256
380,11,12,256
380,13,14,256
381,1,2,256
381,3,4,256
381,5,6,256
381,7,8,256
381,9,10,256
381,11,12,256
381,13,14,256
382,1,2,256
382,3,4,256
382,5,6,256
382,7,8,256
382,9,10,256
382,11,12,256
382,13,14,256
383,1,2,256
383,3,4,256
383,5,6,256
383,7,8,256
383,9,10,256
383,11,12,256
383,13,14,256
384,1,2,256
384,3,4,256
384,5,6,256
384,7,8,256
384,9,10,256
384,11,12,256
384,13,14,256
385,1,2,256
385,3,4,256
385,5,6,256
385,7,8,256
385,9,10,256
385,11,12,256
385,13,14,256
386,1,2,256
386,3,4,256
386,5,6,256
386,7,8,256
386,9,10,256
386,11,12,256
386,13,14,256
387,1,2,256
387,3,4,256
387,5,6,256
387,7,8,256
387,9,10,256
387,11,12,256
387,13,14,256
388,1,2,256
388,3,4,256
388,5,6,256
388,7,8,256
388,9,10,256
388,11,12,256
388,13,14,256
389,1,2,256
389,3,4,256
389,5,6,256
389,7,8,256
389,9,10,256
389,11,12,256
389,13,14,256
390,1,2,256
390,3,4,256
390,5,6,256
390,7,8,256
390,9,10,256
390,11,12,256
390,13,14,256
391,1,2,256
391,3,4,256
391,5,6,256
391,7,8,256
391,9,10,256
391,11,12,256
391,13,14,256
392,1,2,256
392,3,4,256
392,5,6,256
392,7,8,256
392,9,10,256
392,11,12,256
392,13,14,256
393,1,2,256
393,3,4,256
393,5,6,256
393,7,8,256
393,9,10,256
393,11,12,256
393,13,14,256
394,1,2,256
394,3,4,256
394,5,6,256
394,7,8,256
394,9,10,256
394,11,12,256
394,13,14,256
395,1,2,256
395,3,4,256
395,5,6,256
395,7,8,256
395,9,10,256
395,11,12,256
395,13,14,256
396,1,2,256
396,3,4,256
396,5,6,256
396,7,8,256
396,9,10,256
396,11,12,256
396,13,14,256
397,1,2,256
397,3,4,256
397,5,6,256
397,7,8,256
397,9,10,256
397,11,12,256
397,13,14,256
398,1,2,256
398,3,4,256
398,5,6,256
398,7,8,256
398,9,10,256
398,11,12,256
398,13,14,256
399,1,2,256
399,3,4,256
399,5,6,256
399,7,8,256
399,9,10,256
399,11,12,256
399,13,14,256
400,1,2,256
400,3,4,256
400,5,6,256
400,7,8,256
400,9,10,256
400,11,12,256
400,13,14,256
401,1,2,256
401,3,4,256
401,5,6,256
401,7,8,256
401,9,10,256
401,11,12,256
401,13,14,256
402,1,2,256
402,3,4,256
402,5,6,256
402,7,8,256
402,9,10,256
402,11,12,256
402,13,14,256
403,1,2,256
403,3,4,256
403,5,6,256
403,7,8,256
403,9,10,256
403,11,12,256
403,13,14,256
404,1,2,256
404,3,4,256
404,5,6,256
404,7,8,256
404,9,10,256
404,11,12,256
404,13,14,256
405,1,2,256
405,3,4,256
405,5,6,256
405,7,8,256
405,9,10,256
405,11,12,256
405,13,14,256
406,1,2,256
406,3,4,256
406,5,6,256
406,7,8,256
406,9,10,256
406,11,12,256
406,13,14,256
407,1,2,256
407,3,4,256
407,5,6,256
407,7,8,256
407,9,10,256
407,11,12,256
407,13,14,256
408,1,2,256
408,3,4,256
408,5,6,256
408,7,8,256
408,9,10,256
408,11,12,256
408,13,14,256
409,1,2,256
409,3,4,256
409,5,6,256
409,7,8,256
409,9,10,256
409,11,12,256
409,13,14,256
410,1,2,256
410,3,4,256
410,5,6,256
410,7,8,256
410,9,10,256
410,11,12,256
410,13,14,256
411,1,2,256
411,3,4,256
411,5,6,256
411,7,8,256
411,9,10,256
411,11,12,256
411,13,14,256
412,1,2,256
412,3,4,256
412,5,6,256
412,7,8,256
412,9,10,256
412,11,12,256
412,13,14,256
413,1,2,256
413,3,4,256
413,5,6,256
413,7,8,256
413,9,10,256
413,11,12,256
413,13,14,256
414,1,2,256
414,3,4,256
414,5,6,256
414,7,8,256
414,9,10,256
414,11,12,256
414,13,14,256
415,1,2,256
415,3,4,256
415,5,6,256
415,7,8,256
415,9,10,256
415,11,12,256
415,13,14,256
416,1,2,256
416,3,4,256
416,5,6,256
416,7,8,256
416,9,10,256
416,11,12,256
416,13,14,256
417,1,2,256
417,3,4,256
417,5,6,256
417,7,8,256
417,9,10,256
417,11,12,256
417,13,14,256
418,1,2,256
418,3,4,256
418,5,6,256
418,7,8,256
418,9,10,256
418,11,12,256
418,13,14,256
419,1,2,256
419,3,4,256
419,5,6,256
419,7,8,256
419,9,10,256
419,11,12,256
419,13,14,256
420,1,2,256
420,3,4,256
420,5,6,256
420,7,8,256
420,9,10,256
420,11,12,256
420,13,14,256
421,1,2,256
421,3,4,256
421,5,6,256
421,7,8,256
421,9,10,256
421,11,12,256
421,13,14,256
422,1,2,256
422,3,4,256
422,5,6,256
422,7,8,256
422,9,10,256
422,11,12,256
422,13,14,256
423,1,2,256
423,3,4,256
423,5,6,256
423,7,8,256
423,9,10,256
423,11,12,256
423,13,14,256
424,1,2,256
424,3,4,256
424,5,6,256
424,7,8,256
424,9,10,256
424,11,12,256
424,13,14,256
425,1,2,256
425,3,4,256
425,5,6,256
425,7,8,256
425,9,10,256
425,11,12,256
425,13,14,256
426,1,2,256
426,3,4,256
426,5,6,256
426,7,8,256
426,9,10,256
426,11,12,256
426,13,14,256
427,1,2,256
427,3,4,256
427,5,6,256
427,7,8,256
427,9,10,256
427,11,12,256
427,13,14,256
428,1,2,256
428,3,4,256
428,5,6,256
428,7,8,256
428,9,10,256
428,11,12,256
428,13,14,256
429,1,2,256
429,3,4,256
429,5,6,256
429,7,8,256
429,9,10,256
429,11,12,256
429,13,14,256
430,1,2,256
430,3,4,256
430,5,6,256
430,7,8,256
430,9,10,256
430,11,12,256
430,13,14,256
431,1,2,256
431,3,4,256
431,5,6,256
431,7,8,256
431,9,10,256
431,11,12,256
431,13,14,256
432,1,2,256
432,3,4,256
432,5,6,256
432,7,8,256
432,9,10,256
432,11,12,256
432,13,14,256
433,1,2,256
433,3,4,256
433,5,6,256
433,7,8,256
433,9,10,256
433,11,12,256
433,13,14,256
434,1,2,256
434,3,4,256
434,5,6,256
434,7,8,256
434,9,10,256
434,11,12,256
434,13,14,256
435,1,2,256
435,3,4,256
435,5,6,256
435,7,8,256
435,9,10,256
435,11,12,256
435,13,14,256
436,1,2,256
436,3,4,256
436,5,6,256
436,7,8,256
436,9,10,256
436,11,12,256
436,13,14,256
437,1,2,256
437,3,4,256
437,5,6,256
437,7,8,256
437,9,10,256
437,11,12,256
437,13,14,256
438,1,2,256
438,3,4,256
438,5,6,256
438,7,8,256
438,9,10,256
438,11,12,256
438,13,14,256
439,1,2,256
439,3,4,256
439,5,6,256
439,7,8,256
439,9,10,256
439,11,12,256
439,13,14,256
440,1,2,256
440,3,4,256
440,5,6,256
440,7,8,256
440,9,10,256
440,11,12,256
440,13,14,256
441,1,2,256
441,3,4,256
441,5,6,256
441,7,8,256
441,9,10,256
441,11,12,256
441,13,14,256
442,1,2,256
442,3,4,256
442,5,6,256
442,7,8,256
442,9,10,256
442,11,12,256
442,13,14,256
443,1,2,256
443,3,4,256
443,5,6,256
443,7,8,256
443,9,10,256
443,11,12,256
443,13,14,256
444,1,2,256
444,3,4,256
444,5,6,256
444,7,8,256
444,9,10,256
444,11,12,256
444,13,14,256
445,1,2,256
445,3,4,256
445,5,6,256
445,7,8,256
445,9,10,256
445,11,12,256
445,13,14,256
446,1,2,256
446,3,4,256
446,5,6,256
446,7,8,256
446,9,10,256
446,11,12,256
446,13,14,256
447,1,2,256
447,3,4,256
447,5,6,256
447,7,8,256
447,9,10,256
447,11,12,256
447,13,14,256
448,1,2,256
448,3,4,256
448,5,6,256
448,7,8,256
448,9,10,256
448,11,12,256
448,13,14,256
449,1,2,256
449,3,4,256
449,5,6,256
449,7,8,256
449,9,10,256
449,11,12,256
449,13,14,256
450,1,2,256
450,3,4,256
450,5,6,256
450,7,8,256
450,9,10,256
450,11,12,256
450,13,14,256
451,1,2,256
451,3,4,256
451,5,6,256
451,7,8,256
451,9,10,256
451,11,12,256
451,13,14,256
452,1,2,256
452,3,4,256
452,5,6,256
452,7,8,256
452,9,10,256
452,11,12,256
452,13,14,256
453,1,2,256
453,3,4,256
453,5,6,256
453,7,8,256
453,9,10,256
453,11,12,256
453,13,14,256
454,1,2,256
454,3,4,256
454,5,6,256
454,7,8,256
454,9,10,256
454,11,12,256
454,13,14,256
455,1,2,256
455,3,4,256
455,5,6,256
455,7,8,256
455,9,10,256
455,11,12,256
455,13,14,256
456,1,2,256
456,3,4,256
456,5,6,256
456,7,8,256
456,9,10,256
456,11,12,256
456,13,14,256
457,1,2,256
457,3,4,256
457,5,6,256
457,7,8,256
457,9,10,256
457,11,12,256
457,13,14,256
458,1,2,256
458,3,4,256
458,5,6,256
458,7,8,256
458,9,10,256
458,11,12,256
458,13,14,256
459,1,2,256
459,3,4,256
459,5,6,256
459,7,8,256
459,9,10,256
459,11,12,256
459,13,14,256
460,1,2,256
460,3,4,256
460,5,6,256
460,7,8,256
460,9,10,256
460,11,12,256
460,13,14,256
461,1,2,256
461,3,4,256
461,5,6,256
461,7,8,256
461,9,10,256
461,11,12,256
461,13,14,256
462,1,2,256
462,3,4,256
462,5,6,256
462,7,8,256
462,9,10,256
462,11,12,256
462,13,14,256
463,1,2,256
463,3,4,256
463,5,6,256
463,7,8,256
463,9,10,256
463,11,12,256
463,13,14,256
464,1,2,256
464,3,4,256
464,5,6,256
464,7,8,256
464,9,10,256
464,11,12,256
464,13,14,256
465,1,2,256
465,3,4,256
465,5,6,256
465,7,8,256
465,9,10,256
465,11,12,256
465,13,14,256
466,1,2,256
466,3,4,256
466,5,6,256
466,7,8,256
466,9,10,256
466,11,12,256
466,13,14,256
467,1,2,256
467,3,4,256
467,5,6,256
467,7,8,256
467,9,10,256
467,11,12,256
467,13,14,256
468,1,2,256
468,3,4,256
468,5,6,256
468,7,8,256
468,9,10,256
468,11,12,256
468,13,14,256
469,1,2,256
469,3,4,256
469,5,6,256
469,7,8,256
469,9,10,256
469,11,12,256
469,13,14,256
470,1,2,256
470,3,4,256
470,5,6,256
470,7,8,256
470,9,10,256
470,11,12,256
470,13,14,256
471,1,2,256
471,3,4,256
471,5,6,256
471,7,8,256
471,9,10,256
471,11,12,256
471,13,14,256
472,1,2,256
472,3,4,256
472,5,6,256
472,7,8,256
472,9,10,256
472,11,12,256
472,13,14,256
473,1,2,256
473,3,4,256
473,5,6,256
473,7,8,256
473,9,10,256
473,11,12,256
473,13,14,256
474,1,2,256
474,3,4,256
474,5,6,256
474,7,8,256
474,9,10,256
474,11,12,256
474,13,14,256
475,1,2,256
475,3,4,256
475,5,6,256
475,7,8,256
475,9,10,256
475,11,12,256
475,13,14,256
476,1,2,256
476,3,4,256
476,5,6,256
476,7,8,256
476,9,10,256
476,11,12,256
476,13,14,256
477,1,2,256
477,3,4,256
477,5,6,256
477,7,8,256
477,9,10,256
477,11,12,256
477,13,14,256
478,1,2,256
478,3,4,256
478,5,6,256
478,7,8,256
478,9,10,256
478,11,12,256
478,13,14,256
479,1,2,256
479,3,4,256
479,5,6,256
479,7,8,256
479,9,10,256
479,11,12,256
479,13,14,256
480,1,2,256
480,3,4,256
480,5,6,256
480,7,8,256
480,9,10,256
480,11,12,256
480,13,14,256
481,1,2,256
481,3,4,256
481,5,6,256
481,7,8,256
481,9,10,256
481,11,12,256
481,13,14,256
482,1,2,256
482,3,4,256
482,5,6,256
482,7,8,256
482,9,10,256
482,11,12,256
482,13,14,256
483,1,2,256
483,3,4,256
483,5,6,256
483,7,8,256
483,9,10,256
483,11,12,256
483,13,14,256
484,1,2,256
484,3,4,256
484,5,6,256
484,7,8,256
484,9,10,256
484,11,12,256
484,13,14,256
485,1,2,256
485,3,4,256
485,5,6,256
485,7,8,256
485,9,10,256
485,11,12,256
485,13,14,256
486,1,2,256
486,3,4,256
486,5,6,256
486,7,8,256
486,9,10,256
486,11,12,256
486,13,14,256
487,1,2,256
487,3,4,256
487,5,6,256
487,7,8,256
487,9,10,256
487,11,12,256
487,13,14,256
488,1,2,256
488,3,4,256
488,5,6,256
488,7,8,256
488,9,10,256
488,11,12,256
488,13,14,256
489,1,2,256
489,3,4,256
489,5,6,256
489,7,8,256
489,9,10,256
489,11,12,256
489,13,14,256
490,1,2,256
490,3,4,256
490,5,6,256
490,7,8,256
490,9,10,256
490,11,12,256
490,13,14,256
491,1,2,256
491,3,4,256
491,5,6,256
491,7,8,256
491,9,10,256
491,11,12,256
491,13,14,256
492,1,2,256
492,3,4,256
492,5,6,256
492,7,8,256
492,9,10,256
492,11,12,256
492,13,14,256
493,1,2,256
493,3,4,256
493,5,6,256
493,7,8,256
493,9,10,256
493,11,12,256
493,13,14,256
494,1,2,256
494,3,4,256
494,5,6,256
494,7,8,256
494,9,10,256
494,11,12,256
494,13,14,256
495,1,2,256
495,3,4,256
495,5,6,256
495,7,8,256
495,9,10,256
495,11,12,256
495,13,14,256
496,1,2,256
496,3,4,256
496,5,6,256
496,7,8,256
496,9,10,256
496,11,12,256
496,13,14,256
497,1,2,256
497,3,4,256
497,5,6,256
497,7,8,256
497,9,10,256
497,11,12,256
497,13,14,256
498,1,2,256
498,3,4,256
498,5,6,256
498,7,8,256
498,9,10,256
498,11,12,256
498,13,14,256
499,1,2,256
499,3,4,256
499,5,6,256
499,7,8,256
499,9,10,256
499,11,12,256
499,13,14,256
500,1,2,256
500,3,4,256
500,5,6,256
500,7,8,256
500,9,10,256
500,11,12,256
500,13,14,256
501,1,2,256
501,3,4,256
501,5,6,256
501,7,8,256
501,9,10,256
501,11,12,256
501,13,14,256
502,1,2,256
502,3,4,256
502,5,6,256
502,7,8,256
502,9,10,256
502,11,12,256
502,13,14,256
503,1,2,256
503,3,4,256
503,5,6,256
503,7,8,256
503,9,10,256
503,11,12,256
503,13,14,256
504,1,2,256
504,3,4,256
504,5,6,256
504,7,8,256
504,9,10,256
504,11,12,256
504,13,14,256
505,1,2,256
505,3,4,256
505,5,6,256
505,7,8,256
505,9,10,256
505,11,12,256
505,13,14,256
506,1,2,256
506,3,4,256
506,5,6,256
506,7,8,256
506,9,10,256
506,11,12,256
506,13,14,256
507,1,2,256
507,3,4,256
507,5,6,256
507,7,8,256
507,9,10,256
507,11,12,256
507,13,14,256
508,1,2,256
508,3,4,256
508,5,6,256
508,7,8,256
508,9,10,256
508,11,12,256
508,13,14,256
509,1,2,256
509,3,4,256
509,5,6,256
509,7,8,256
509,9,10,256
509,11,12,256
509,13,14,256
510,1,2,256
510,3,4,256
510,5,6,256
510,7,8,256
510,9,10,256
510,11,12,256
510,13,14,256
511,1,2,256
511,3,4,256
511,5,6,256
511,7,8,256
511,9,10,256
511,11,12,256
511,13,14,256
512,14,0,256
513,14,0,256
514,14,0,256
515,14,0,256
516,14,0,256
517,14,0,256
518,14,0,256
519,14,0,256
520,14,0,256
521,14,0,256
522,14,0,256
523,14,0,256
524,14,0,256
525,14,0,256
526,14,0,256
527,14,0,256
528,14,0,256
529,14,0,256
530,14,0,256
531,14,0,256
532,14,0,256
533,14,0,256
534,14,0,256
535,14,0,256
536,14,0,256
537,14,0,256
538,14,0,256
539,14,0,256
540,14,0,256
541,14,0,256
542,14,0,256
543,14,0,256
544,14,0,256
545,14,0,256
546,14,0,256
547,14,0,256
548,14,0,256
549,14,0,256
550,14,0,256
551,14,0,256
552,14,0,256
553,14,0,256
554,14,0,256
555,14,0,256
556,14,0,256
557,14,0,256
558,14,0,256
559,14,0,256
560,14,0,256
561,14,0,256
562,14,0,256
563,14,0,256
564,14,0,256
565,14,0,256
566,14,0,256
567,14,0,256
568,14,0,256
569,14,0,256
570,14,0,256
571,14,0,256
572,14,0,256
573,14,0,256
574,14,0,256
575,14,0,256
576,14,0,256
577,14,0,256
578,14,0,256
579,14,0,256
580,14,0,256
581,14,0,256
582,14,0,256
583,14,0,256
584,14,0,256
585,14,0,256
586,14,0,256
587,14,0,256
588,14,0,256
589,14,0,256
590,14,0,256
591,14,0,256
592,14,0,256
593,14,0,256
594,14,0,256
595,14,0,256
596,14,0,256
597,14,0,256
598,14,0,256
599,14,0,256
600,14,0,256
601,14,0,256
602,14,0,256
603,14,0,256
604,14,0,256
605,14,0,256
606,14,0,256
607,14,0,256
608,14,0,256
609,14,0,256
610,14,0,256
611,14,0,256
612,14,0,256
613,14,0,256
614,14,0,256
615,14,0,256
616,14,0,256
617,14,0,256
618,14,0,256
619,14,0,256
620,14,0,256
621,14,0,256
622,14,0,256
623,14,0,256
624,14,0,256
625,14,0,256
626,14,0,256
627,14,0,256
628,14,0,256
629,14,0,256
630,14,0,256
631,14,0,256
632,14,0,256
633,14,0,256
634,14,0,256
635,14,0,256
636,14,0,256
637,14,0,256
638,14,0,256
639,14,0,256
640,14,0,256
641,14,0,256
642,14,0,256
643,14,0,256
644,14,0,256
645,14,0,256
646,14,0,256
647,14,0,256
648,14,0,256
649,14,0,256
650,14,0,256
651,14,0,256
652,14,0,256
653,14,0,256
654,14,0,256
655,14,0,256
656,14,0,256
657,14,0,256
658,14,0,256
659,14,0,256
660,14,0,256
661,14,0,256
662,14,0,256
663,14,0,256
664,14,0,256
665,14,0,256
666,14,0,256
667,14,0,256
668,14,0,256
669,14,0,256
670,14,0,256
671,14,0,256
672,14,0,256
673,14,0,256
674,14,0,256
675,14,0,256
676,14,0,256
677,14,0,256
678,14,0,256
679,14,0,256
680,14,0,256
681,14,0,256
682,14,0,256
683,14,0,256
684,14,0,256
685,14,0,256
686,14,0,256
687,14,0,256
688,14,0,256
689,14,0,256
690,14,0,256
691,14,0,256
692,14,0,256
693,14,0,256
694,14,0,256
695,14,0,256
696,14,0,256
697,14,0,256
698,14,0,256
699,14,0,256
700,14,0,256
701,14,0,256
702,14,0,256
703,14,0,256
704,14,0,256
705,14,0,256
706,14,0,256
707,14,0,256
708,14,0,256
709,14,0,256
710,14,0,256
711,14,0,256
712,14,0,256
713,14,0,256
714,14,0,256
715,14,0,256
716,14,0,256
717,14,0,256
718,14,0,256
719,14,0,256
720,14,0,256
721,14,0,256
722,14,0,256
723,14,0,256
724,14,0,256
725,14,0,256
726,14,0,256
727,14,0,256
728,14,0,256
729,14,0,256
730,14,0,256
731,14,0,256
732,14,0,256
733,14,0,256
734,14,0,256
735,14,0,256
736,14,0,256
737,14,0,256
738,14,0,256
739,14,0,256
740,14,0,256
741,14,0,256
742,14,0,256
743,14,0,256
744,14,0,256
745,14,0,256
746,14,0,256
747,14,0,256
748,14,0,256
749,14,0,256
750,14,0,256
751,14,0,256
752,14,0,256
753,14,0,256
754,14,0,256
755,14,0,256
756,14,0,256
757,14,0,256
758,14,0,256
759,14,0,256
760,14,0,256
761,14,0,256
762,14,0,256
763,14,0,256
764,14,0,256
765,14,0,256
766,14,0,256
767,14,0,256
